<panel>
  <title>CyberArk EPV - Top 10 Logons by Source in Last 24H</title>
  <chart>
	<search>
	  <query>eventtype=cyberark_epv_authentication  cef_name="Logon" earliest=-24h| top src |rename src as "Source", count as "Count"</query>
	  <earliest>-24h@h</earliest>
	  <latest>now</latest>
	</search>
	<option name="charting.axisLabelsX.majorLabelStyle.overflowMode">ellipsisNone</option>
	<option name="charting.axisLabelsX.majorLabelStyle.rotation">0</option>
	<option name="charting.axisTitleX.text">Source</option>
	<option name="charting.axisTitleX.visibility">visible</option>
	<option name="charting.axisTitleY.text">Count</option>
	<option name="charting.axisTitleY.visibility">visible</option>
	<option name="charting.axisTitleY2.visibility">visible</option>
	<option name="charting.axisX.scale">linear</option>
	<option name="charting.axisY.scale">linear</option>
	<option name="charting.axisY2.enabled">0</option>
	<option name="charting.axisY2.scale">inherit</option>
	<option name="charting.chart">bar</option>
	<option name="charting.chart.bubbleMaximumSize">50</option>
	<option name="charting.chart.bubbleMinimumSize">10</option>
	<option name="charting.chart.bubbleSizeBy">area</option>
	<option name="charting.chart.nullValueMode">gaps</option>
	<option name="charting.chart.sliceCollapsingThreshold">0.01</option>
	<option name="charting.chart.stackMode">default</option>
	<option name="charting.chart.style">shiny</option>
	<option name="charting.drilldown">all</option>
	<option name="charting.layout.splitSeries">0</option>
	<option name="charting.legend.labelStyle.overflowMode">ellipsisMiddle</option>
	<option name="charting.legend.placement">right</option>
  </chart>
</panel>
