<panel>
  <title>CyberArk EPV - File Management by Action in Last 24H</title>
  <chart>
	<search>
	  <query>eventtype=cyberark_epv_change_analysis (object_category=file OR object_category=directory) earliest=-24h| timechart span=5m count(action)  by action</query>
	  <earliest>-24h@h</earliest>
	  <latest>now</latest>
	</search>
	<option name="charting.axisLabelsX.majorLabelStyle.overflowMode">ellipsisNone</option>
	<option name="charting.axisLabelsX.majorLabelStyle.rotation">0</option>
	<option name="charting.axisTitleX.text">Time</option>
	<option name="charting.axisTitleX.visibility">visible</option>
	<option name="charting.axisTitleY.text">Action Count</option>
	<option name="charting.axisTitleY.visibility">visible</option>
	<option name="charting.axisTitleY2.visibility">visible</option>
	<option name="charting.axisX.scale">linear</option>
	<option name="charting.axisY.scale">linear</option>
	<option name="charting.axisY2.enabled">0</option>
	<option name="charting.axisY2.scale">inherit</option>
	<option name="charting.chart">line</option>
	<option name="charting.chart.bubbleMaximumSize">50</option>
	<option name="charting.chart.bubbleMinimumSize">10</option>
	<option name="charting.chart.bubbleSizeBy">area</option>
	<option name="charting.chart.nullValueMode">connect</option>
	<option name="charting.chart.sliceCollapsingThreshold">0.01</option>
	<option name="charting.chart.stackMode">default</option>
	<option name="charting.chart.style">shiny</option>
	<option name="charting.drilldown">all</option>
	<option name="charting.layout.splitSeries">0</option>
	<option name="charting.legend.labelStyle.overflowMode">ellipsisMiddle</option>
	<option name="charting.legend.placement">right</option>
  </chart>
</panel>
